{"cameraMode":{"drawMode":0,"name":"Shaded","section":"Shading Mode"},"sceneLighting":false,"audioPlay":false,"sceneViewState":{"m_AlwaysRefresh":false,"showFog":true,"showSkybox":false,"showFlares":true,"showImageEffects":true,"showParticleSystems":true,"showVisualEffectGraphs":true,"m_FxEnabled":true},"in2DMode":false,"pivot":{"x":-0.00042045116424560547,"y":0.4455055892467499,"z":0.014463663101196289},"rotation":{"x":-0.31673648953437807,"y":0.5377489328384399,"z":-0.22785431146621705,"w":-0.7474475502967835},"size":46.84469223022461,"orthographic":false}