{"cameraMode":{"drawMode":0,"name":"Shaded","section":"Shading Mode"},"sceneLighting":true,"audioPlay":false,"sceneViewState":{"m_AlwaysRefresh":false,"showFog":true,"showSkybox":true,"showFlares":true,"showImageEffects":true,"showParticleSystems":true,"showVisualEffectGraphs":true,"m_FxEnabled":true},"in2DMode":false,"pivot":{"x":-66.4727554321289,"y":42.59559631347656,"z":-18.094825744628908},"rotation":{"x":-0.7498899102210999,"y":-0.006015764083713293,"z":0.006826572120189667,"w":-0.6616712808609009},"size":157.35916137695313,"orthographic":false}