{"cameraMode":{"drawMode":0,"name":"Shaded","section":"Shading Mode"},"sceneLighting":true,"audioPlay":false,"sceneViewState":{"m_AlwaysRefresh":false,"showFog":true,"showSkybox":true,"showFlares":true,"showImageEffects":true,"showParticleSystems":true,"showVisualEffectGraphs":true,"m_FxEnabled":true},"in2DMode":false,"pivot":{"x":-1.834084153175354,"y":2.1614112854003908,"z":1.3772120475769044},"rotation":{"x":0.5854435563087463,"y":-0.028968174010515214,"z":0.020724598318338395,"w":0.8100482225418091},"size":9.631092071533204,"orthographic":false}